{"cameraMode":{"drawMode":0,"name":"Shaded","section":"Shading Mode"},"sceneLighting":true,"audioPlay":false,"sceneViewState":{"showFog":true,"showMaterialUpdate":false,"showSkybox":true,"showFlares":true,"showImageEffects":true,"showParticleSystems":true},"in2DMode":false,"pivot":{"x":17.526525497436525,"y":2.074756383895874,"z":-9.341139793395996},"rotation":{"x":0.007128899451345205,"y":0.9531030654907227,"z":-0.30360087752342226,"w":0.015326903201639653},"size":8.689885139465332,"orthographic":false}