{"cameraMode":{"drawMode":0,"name":"Shaded","section":"Shading Mode"},"sceneLighting":true,"audioPlay":false,"sceneViewState":{"showFog":true,"showMaterialUpdate":false,"showSkybox":true,"showFlares":true,"showImageEffects":true,"showParticleSystems":true},"in2DMode":false,"pivot":{"x":162.24850463867188,"y":73.33427429199219,"z":-147.25027465820313},"rotation":{"x":-0.02077663131058216,"y":0.9708040356636047,"z":0.09327033907175064,"w":0.2207023948431015},"size":437.1280212402344,"orthographic":false}