{"cameraMode":{"drawMode":0,"name":"Shaded","section":"Shading Mode"},"sceneLighting":true,"audioPlay":false,"sceneViewState":{"showFog":true,"showMaterialUpdate":false,"showSkybox":true,"showFlares":true,"showImageEffects":true,"showParticleSystems":true},"in2DMode":false,"pivot":{"x":-29.270404815673829,"y":-11.70802116394043,"z":25.454742431640626},"rotation":{"x":0.12416830658912659,"y":-0.39173027873039248,"z":0.058157674968242648,"w":0.9103320240974426},"size":62.82695770263672,"orthographic":false}