{"cameraMode":{"drawMode":0,"name":"Shaded","section":"Shading Mode"},"sceneLighting":true,"audioPlay":false,"sceneViewState":{"showFog":true,"showMaterialUpdate":false,"showSkybox":true,"showFlares":true,"showImageEffects":true,"showParticleSystems":true},"in2DMode":false,"pivot":{"x":41.422847747802737,"y":17.88196563720703,"z":-8.720850944519043},"rotation":{"x":-0.009133161045610905,"y":-0.9402686953544617,"z":0.3398226499557495,"w":-0.024409793317317964},"size":38.483489990234378,"orthographic":false}